<?xml version="1.0" encoding="UTF-8" standalone="yes"?>
<OfficeApp  xmlns="http://schemas.microsoft.com/office/appforoffice/1.1" 
            xmlns:xsi="http://www.w3.org/2001/XMLSchema-instance" 
            xmlns:bt="http://schemas.microsoft.com/office/officeappbasictypes/1.0" 
            xmlns:mailappor="http://schemas.microsoft.com/office/mailappversionoverrides/1.0" 
            xsi:type="MailApp">
  <Id>32345678-1234-1234-1234-123456789015</Id>
  <Version>1.0.90.0</Version>
  <ProviderName>Candle AI</ProviderName>
  <DefaultLocale>en-US</DefaultLocale>
  <DisplayName DefaultValue="Candle AI Assistant"/>
  <Description DefaultValue="AI-powered email assistant for enhanced productivity"/>
  <IconUrl DefaultValue="https://candle-ai.github.io/FileServer_Prod/dist-outlook-addin/assets/icon-64.png"/>
  <HighResolutionIconUrl DefaultValue="https://candle-ai.github.io/FileServer_Prod/dist-outlook-addin/assets/icon-128.png"/>
  <SupportUrl DefaultValue="https://forms.gle/QFFz1rbFVmwJ96At6"/>
  <AppDomains>
    <AppDomain>https://us-east-1z03kdzmau.auth.us-east-1.amazoncognito.com</AppDomain>
    <AppDomain>https://cognito-idp.us-east-1.amazonaws.com</AppDomain>
    <AppDomain>https://j9365s3v2k.execute-api.us-east-1.amazonaws.com</AppDomain>
    <AppDomain>https://candle-663321693918-us-east-1.auth.us-east-1.amazoncognito.com</AppDomain>
    <AppDomain>https://candle-565393026129-us-east-1.auth.us-east-1.amazoncognito.com</AppDomain>
    <AppDomain>https://candle-448049808205-us-east-1.auth.us-east-1.amazoncognito.com</AppDomain>
    <AppDomain>https://candle-ai.github.io</AppDomain>
  </AppDomains>
  <Hosts>
    <Host Name="Mailbox"/>
  </Hosts>
  <Requirements>
    <Sets>
      <Set Name="Mailbox" MinVersion="1.11"/>
    </Sets>
  </Requirements>
  <FormSettings>
    <Form xsi:type="ItemRead">
      <DesktopSettings>
        <SourceLocation DefaultValue="https://candle-ai.github.io/FileServer_Prod/dist-outlook-addin/src/apps/outlook-addin/taskpane.html"/>
        <RequestedHeight>450</RequestedHeight>
      </DesktopSettings>
    </Form>
  </FormSettings>  
  <Permissions>ReadWriteMailbox</Permissions>
  
  <Rule xsi:type="RuleCollection" Mode="Or">
    <Rule xsi:type="ItemIs" ItemType="Message" FormType="Read"/>
    <Rule xsi:type="ItemIs" ItemType="Message" FormType="Edit"/>
  </Rule>
  <VersionOverrides xmlns="http://schemas.microsoft.com/office/mailappversionoverrides" xsi:type="VersionOverridesV1_0">
    <VersionOverrides xmlns="http://schemas.microsoft.com/office/mailappversionoverrides/1.1" xsi:type="VersionOverridesV1_1">
      <Requirements>
        <bt:Sets>
          <bt:Set Name="Mailbox"  MinVersion="1.11"/>
        </bt:Sets>
      </Requirements>

      <Hosts>
        <Host xsi:type="MailHost">
          <DesktopFormFactor>
            <FunctionFile resid="Commands.Url"/>
            <ExtensionPoint xsi:type="MessageReadCommandSurface">
              <OfficeTab id="TabDefault">
                <Group id="msgReadGroup">
                  <Label resid="GroupLabel"/>
                  <Control xsi:type="Button" id="TaskpaneButton">
                    <Label resid="TaskpaneButton.Label"/>
                    <Supertip>
                      <Title resid="TaskpaneButton.Label"/>
                      <Description resid="TaskpaneButton.Tooltip"/>
                    </Supertip>
                    <Icon>
                      <bt:Image size="16" resid="Icon.16x16"/>
                      <bt:Image size="32" resid="Icon.32x32"/>
                      <bt:Image size="80" resid="Icon.80x80"/>
                    </Icon>
                    <Action xsi:type="ShowTaskpane">
                      <SourceLocation resid="Taskpane.Url"/>
                      <SupportsPinning>true</SupportsPinning>
                      <SupportsNoItemContext>true</SupportsNoItemContext>
                    </Action>
                  </Control>
                </Group>
              </OfficeTab>
            </ExtensionPoint>

            <ExtensionPoint xsi:type="MessageComposeCommandSurface">
              <OfficeTab id="TabDefault">
                <Group id="msgComposeGroup">
                  <Label resid="GroupLabel"/>
                  <Control xsi:type="Button" id="ComposeTaskpaneButton">
                    <Label resid="TaskpaneButton.Label"/>
                    <Supertip>
                      <Title resid="TaskpaneButton.Label"/>
                      <Description resid="TaskpaneButton.Tooltip"/>
                    </Supertip>
                    <Icon>
                      <bt:Image size="16" resid="Icon.16x16"/>
                      <bt:Image size="32" resid="Icon.32x32"/>
                      <bt:Image size="80" resid="Icon.80x80"/>
                    </Icon>
                    <Action xsi:type="ShowTaskpane">
                      <SourceLocation resid="Taskpane.Url"/>
                      <SupportsPinning>true</SupportsPinning>
                      <SupportsNoItemContext>true</SupportsNoItemContext>
                    </Action>
                  </Control>
                </Group>
              </OfficeTab>
            </ExtensionPoint>

          </DesktopFormFactor>
        </Host>
      </Hosts>
      <Resources>
        <bt:Images>
          <bt:Image id="Icon.16x16" DefaultValue="https://candle-ai.github.io/FileServer_Prod/dist-outlook-addin/assets/icon-16.png"/>
          <bt:Image id="Icon.32x32" DefaultValue="https://candle-ai.github.io/FileServer_Prod/dist-outlook-addin/assets/icon-32.png"/>
          <bt:Image id="Icon.80x80" DefaultValue="https://candle-ai.github.io/FileServer_Prod/dist-outlook-addin/assets/icon-80.png"/>
        </bt:Images>
        <bt:Urls>
          <bt:Url id="Commands.Url" DefaultValue="https://candle-ai.github.io/FileServer_Prod/dist-outlook-addin/src/apps/outlook-addin/commands.html"/>
          <bt:Url id="Taskpane.Url" DefaultValue="https://candle-ai.github.io/FileServer_Prod/dist-outlook-addin/src/apps/outlook-addin/taskpane.html"/>
          <bt:Url id="InlineContent.Url" DefaultValue="https://candle-ai.github.io/FileServer_Prod/dist-outlook-addin/src/apps/outlook-addin/inline.html"/>
        </bt:Urls>
        <bt:ShortStrings>
          <bt:String id="GroupLabel" DefaultValue="CandleAI"/>
          <bt:String id="TaskpaneButton.Label" DefaultValue="Open Assistant"/>
        </bt:ShortStrings>
        <bt:LongStrings>
          <bt:String id="TaskpaneButton.Tooltip" DefaultValue="Open the CandleAI email assistant"/>
        </bt:LongStrings>
      </Resources>
    </VersionOverrides>
  </VersionOverrides>
</OfficeApp> 